<?xml version="1.0" encoding="UTF-8" standalone="no"?>
<BlockMap xmlns="http://schemas.microsoft.com/appx/2010/blockmap" xmlns:b4="http://schemas.microsoft.com/appx/2021/blockmap" IgnorableNamespaces="b4" HashMethod="http://www.w3.org/2001/04/xmlenc#sha256"><File Name="Images\assets\notheme\bonsai\shortcut\Meta-AI-shortcut.scale-120.png" Size="1892" LfhSize="98"><Block Hash="dsbVUcOjVghvp8+C8WGADYp4HnS7rNO3cIj9QGmuufQ="/></File><File Name="resources.pri" Size="5600" LfhSize="43"><Block Hash="jnq4mypBpzcUzu605cNSsZTx5Kd4OhHNpAuyAhEvpNA=" Size="1323"/></File><File Name="Images\assets\notheme\bonsai\logo.scale-120.png" Size="4975" LfhSize="77"><Block Hash="CA0RpqnV46KmUlrWazntKVW1tauf0WO5zNhS/zxaels="/></File><File Name="WhatsApp.Design\Assets\Avatar\20px\dark\Contact.scale-120.png" Size="452" LfhSize="91"><Block Hash="MQhKFAeW4JomZ4WMkGOOP2i3qQ0eP5ogj2dYiDmT3TM="/></File><File Name="WhatsApp.Design\Assets\Avatar\20px\dark\Group.scale-120.png" Size="488" LfhSize="89"><Block Hash="7k21HzyZFtCEVeMVnloh/PgFIxmhO6XUY2cJeeEEScw="/></File><File Name="WhatsApp.Design\Assets\Avatar\20px\light\Contact.scale-120.png" Size="421" LfhSize="92"><Block Hash="O8C40HHb1tOJudHnd+65ribWuyJcn49HCzDWprWbDo8="/></File><File Name="WhatsApp.Design\Assets\Avatar\20px\light\Group.scale-120.png" Size="456" LfhSize="90"><Block Hash="KoQoq4fR1lWsOt3XNCfSkzUubxXVaeWIcGclJX+6V98="/></File><File Name="WhatsApp.Design\Assets\Avatar\48px\dark\Announcement.scale-120.png" Size="733" LfhSize="96"><Block Hash="oshymVBw04BEzBk5++T7CkMpGpoUE4CEqSvIMz9gSfM="/></File><File Name="WhatsApp.Design\Assets\Avatar\48px\dark\Broadcast.scale-120.png" Size="662" LfhSize="93"><Block Hash="jIiGDE/Td7GkwmPBdpPornO5HVQZVP7JVIxk4MtsEOY="/></File><File Name="WhatsApp.Design\Assets\Avatar\48px\dark\Contact.scale-120.png" Size="685" LfhSize="91"><Block Hash="Uqa8fe1ZV0lvv65YdR+7wBHGXJcyt4j8yTtRam3ZQVo="/></File><File Name="WhatsApp.Design\Assets\Avatar\48px\dark\Group.scale-120.png" Size="807" LfhSize="89"><Block Hash="KhqbO1zalIxIpOZG67YVHrMGRdbJ53YTYzfZYWfdWCg="/></File><File Name="WhatsApp.Design\Assets\Avatar\48px\light\Announcement.scale-120.png" Size="866" LfhSize="97"><Block Hash="1FyA8EApGRpSEZZuyoDF8zOFu18/1z6PT2jkSRtxNcg="/></File><File Name="WhatsApp.Design\Assets\Avatar\48px\light\Broadcast.scale-120.png" Size="654" LfhSize="94"><Block Hash="UG2zt4qw1eIS8AKB/1PAihQUFIPfqz3RwJ7t3WN6Fsk="/></File><File Name="WhatsApp.Design\Assets\Avatar\48px\light\Contact.scale-120.png" Size="672" LfhSize="92"><Block Hash="l26g5n/gkiwYWdn1uXhvUwcXb2A1mikbWAp0vwu9pqs="/></File><File Name="WhatsApp.Design\Assets\Avatar\48px\light\Group.scale-120.png" Size="765" LfhSize="90"><Block Hash="BlLH1jmzqvWawOqkW0eu0NGXQNk5Pa9DTJQwbEJnKps="/></File><File Name="WhatsApp.Design\Assets\Avatar\48px\notheme\psa.scale-120.png" Size="657" LfhSize="90"><Block Hash="L/b28tchauD6ibkaBR5kPp7iUQkXStggZMTsrnwEEOw="/></File><File Name="WhatsApp.Design\Assets\Avatar\96px\dark\Announcement.scale-120.png" Size="1419" LfhSize="96"><Block Hash="NZ3/zlDN7zyJtPbbU0bkQZsTpWrqGsww0s9MzojOWW0="/></File><File Name="WhatsApp.Design\Assets\Avatar\96px\dark\Broadcast.scale-120.png" Size="1234" LfhSize="93"><Block Hash="FEqkpoOccxa8TifnQcCrdeQxkZE+Mi+/730odijTbH4="/></File><File Name="WhatsApp.Design\Assets\Avatar\96px\dark\Contact.scale-120.png" Size="1293" LfhSize="91"><Block Hash="9pJKYKC7oa7j0vWY6DSrrrmYC+CU1nFqGBNLN4aAQnc="/></File><File Name="WhatsApp.Design\Assets\Avatar\96px\dark\Group.scale-120.png" Size="1602" LfhSize="89"><Block Hash="5R6DuIpfMUN4cP+wWRAV4imFBNqHo/KK5lsMOPFaMV0="/></File><File Name="WhatsApp.Design\Assets\Avatar\96px\light\Announcement.scale-120.png" Size="1660" LfhSize="97"><Block Hash="iBtLYJchEOjfmi63YI9PyeVmpisWWdFK1EX6pqTauhI="/></File><File Name="WhatsApp.Design\Assets\Avatar\96px\light\Broadcast.scale-120.png" Size="1153" LfhSize="94"><Block Hash="o0xmucUrKCNm+Xqwed/0dmFwBkRMcKetz/8XznprRWY="/></File><File Name="WhatsApp.Design\Assets\Avatar\96px\light\Contact.scale-120.png" Size="1205" LfhSize="92"><Block Hash="eCecl3FrtbCkbGC3nuhs4BEDYC5dFQNaKaT2VzunZLc="/></File><File Name="WhatsApp.Design\Assets\Avatar\96px\light\Group.scale-120.png" Size="1463" LfhSize="90"><Block Hash="8T573LJSWGuM2g8JPOeU0aypjRXJ2THHvxHBdaNGzw0="/></File><File Name="WhatsApp.Design\Assets\Avatar\96px\notheme\psa.scale-120.png" Size="1309" LfhSize="90"><Block Hash="HG769LCUKO1TGBnzTRnjpyireY4h6L304WXkAgqqAKw="/></File><File Name="WhatsApp.Design\MessageBubbles\Assets\bubble card\incoming foreground.scale-120.png" Size="682" LfhSize="117"><Block Hash="QU4GUCLC9pTGfUhcJ8HGa07+JDz4+bG/ad8ZVgSrcM8="/></File><File Name="WhatsApp.Design\MessageBubbles\Assets\bubble card\incoming hover shadow.scale-120.png" Size="944" LfhSize="121"><Block Hash="EfkVTX8q/5v6N9H+PWX2bAUTgUZ512w7CN+ERXAciQo="/></File><File Name="WhatsApp.Design\MessageBubbles\Assets\bubble card\incoming shadow.scale-120.png" Size="758" LfhSize="113"><Block Hash="R415a6O/Db2elqMiOgBgGC1AIZBhO/8S5N3+5LqNJSo="/></File><File Name="WhatsApp.Design\MessageBubbles\Assets\bubble card\incoming shape.scale-120.png" Size="448" LfhSize="112"><Block Hash="E0OhOkP6/VZ3EZiwVhPOfGj9zjxuBUl2IUMMuiid3tE="/></File><File Name="WhatsApp.Design\MessageBubbles\Assets\bubble card\outgoing foreground.scale-120.png" Size="192" LfhSize="117"><Block Hash="As5865inj1QXMRbNfjF+qHsilRBYbIQ5M4d8szJo7kk="/></File><File Name="WhatsApp.Design\MessageBubbles\Assets\bubble card\outgoing hover shadow.scale-120.png" Size="1202" LfhSize="121"><Block Hash="ISHr9gnI1f1vuMJZ2JFneA4UdMnU3RirFsHjN4Gk1kE="/></File><File Name="WhatsApp.Design\MessageBubbles\Assets\bubble card\outgoing shadow.scale-120.png" Size="890" LfhSize="113"><Block Hash="LLf97esJ+U0DakFua//Rp9rHOCUChjVhLGVyKyPBwyI="/></File><File Name="WhatsApp.Design\MessageBubbles\Assets\bubble card\outgoing shape.scale-120.png" Size="448" LfhSize="112"><Block Hash="E0OhOkP6/VZ3EZiwVhPOfGj9zjxuBUl2IUMMuiid3tE="/></File><File Name="WhatsApp.Design\MessageBubbles\Assets\bubble\dark\incoming first.scale-120.png" Size="4328" LfhSize="110"><Block Hash="/SpN803dYugE8FxC1YTtI3c00Ctr6/urg3sa9ZWO5a8="/></File><File Name="WhatsApp.Design\MessageBubbles\Assets\bubble\dark\incoming.scale-120.png" Size="1435" LfhSize="102"><Block Hash="vKL4OXzi6AGhhZoaT5cHZCQUpSzquSweW8sW3Zf/5Dc="/></File><File Name="WhatsApp.Design\MessageBubbles\Assets\bubble\dark\outgoing first.scale-120.png" Size="2257" LfhSize="110"><Block Hash="B8m29g7Gd/hcACUgnTE+rCXG9Ss9PZ4w3a0z6AcbvlI="/></File><File Name="WhatsApp.Design\MessageBubbles\Assets\bubble\dark\outgoing.scale-120.png" Size="1144" LfhSize="102"><Block Hash="iR+JnYbECdDp0dTisnpVQlyZyukWkhyQxT+hP39WeYw="/></File><File Name="WhatsApp.Design\MessageBubbles\Assets\bubble\light\incoming first.scale-120.png" Size="2008" LfhSize="111"><Block Hash="sCoPvVfdHTbyd5TLXS8OeO1D6242Q5wEzRPCx2BG944="/></File><File Name="WhatsApp.Design\MessageBubbles\Assets\bubble\light\incoming.scale-120.png" Size="889" LfhSize="103"><Block Hash="yP5krXVVbW33Jtn0RM/vCOfImDr+HYrstux/vO7kvns="/></File><File Name="WhatsApp.Design\MessageBubbles\Assets\bubble\light\outgoing first.scale-120.png" Size="2347" LfhSize="111"><Block Hash="1is8BQWOhZIGujsFvzcjajyKkzMRQoVG0fV/vjLRLXU="/></File><File Name="WhatsApp.Design\MessageBubbles\Assets\bubble\light\outgoing.scale-120.png" Size="1163" LfhSize="103"><Block Hash="Ve7eXGA8Fm3UZ3vP0QyB4oaSBbgiX4gdyNgb2Vi9dww="/></File><File Name="WhatsApp.Design\MessageBubbles\Assets\bubble\mask\incoming first.scale-120.png" Size="1454" LfhSize="110"><Block Hash="bEMhnbU2LUfwgCHai+huZnNy2F0lPMsij9te8hflEdw="/></File><File Name="WhatsApp.Design\MessageBubbles\Assets\bubble\mask\incoming.scale-120.png" Size="704" LfhSize="102"><Block Hash="ebFywhu+u1/BWuUingC0+DMyX0pzK/BvLJgIxPFESHU="/></File><File Name="WhatsApp.Design\MessageBubbles\Assets\bubble\mask\outgoing first.scale-120.png" Size="1524" LfhSize="110"><Block Hash="fJGL/EfbJSlNjTWYbsRU9+tLWZCGtdUtoBP7wxchy7o="/></File><File Name="WhatsApp.Design\MessageBubbles\Assets\bubble\mask\outgoing.scale-120.png" Size="744" LfhSize="102"><Block Hash="3gOCi5JjCI3El81URBGUCS02Ak9O2MR6TJHygngzkY0="/></File><File Name="WhatsApp.Design\MessageBubbles\Assets\document\universal foreground.scale-120.png" Size="233" LfhSize="113"><Block Hash="CSWiUyEjNKzqjxTh6SNT3Zoc4IRjVg1RIBGysYBirlE="/></File><File Name="WhatsApp.Design\MessageBubbles\Assets\media card\universal foreground.scale-120.png" Size="356" LfhSize="117"><Block Hash="Vab7xMuZQBlZi1LTd8v89mV4tOrikpscdeEVivJ9yVU="/></File><File Name="WhatsApp.Design\MessageBubbles\Assets\media card\universal hover shadow.scale-120.png" Size="1316" LfhSize="121"><Block Hash="un0xw/iCs8erD23fDO+xBYy1zZvNuM7fy+dwuCHEQ7g="/></File><File Name="WhatsApp.Design\MessageBubbles\Assets\media card\universal shadow.scale-120.png" Size="1046" LfhSize="113"><Block Hash="0oXZtfKe0aEYKO3B5y3Eq7B5GzUinO2KkShjcvPVW8U="/></File><File Name="WhatsApp.Design\MessageBubbles\Assets\media card\universal shape.scale-120.png" Size="448" LfhSize="112"><Block Hash="E0OhOkP6/VZ3EZiwVhPOfGj9zjxuBUl2IUMMuiid3tE="/></File><File Name="WhatsApp.Design\MessageBubbles\FixedContentPlaceholder\Assets\scale-120\OTP-linked-device.png" Size="948" LfhSize="123"><Block Hash="+X6qWdYBAcMvkPcTX7N1iHt7+SQToJqwFxBHThiBchs="/></File><File Name="WhatsApp.Design\MessageBubbles\Ptt\Assets\scale-120\Audio (Received).png" Size="820" LfhSize="108"><Block Hash="cWxZgZs7NecUYajcUWCGy0ztoY8JiPE8vXN5/uX46Is="/></File><File Name="WhatsApp.Design\MessageBubbles\Ptt\Assets\scale-120\Audio (Sent).png" Size="799" LfhSize="104"><Block Hash="ZxuUpXAkkqehBCz7HDbNWUJIhWaXA6y1zgFLOpWAPm4="/></File><File Name="WhatsApp.Design\MessageBubbles\Ptt\Assets\scale-120\Mic Badge.png" Size="287" LfhSize="97"><Block Hash="RwHdXGP7hTWVwb1wMxWhRtGTIMgO4g8eNjHKD0Qko74="/></File><File Name="WhatsApp.Design\MessageBubbles\Waiting\Assets\scale-120\Waiting.png" Size="712" LfhSize="97"><Block Hash="PTLcLJCNXsekk06g/dJ6wWo0l4u0O+EIwNhU2C6WSFg="/></File><File Name="AppxManifest.xml" Size="767" LfhSize="46"><Block Hash="flQ29UcCtNvKE/tgzy/WLtOI9KJ3Ek6ggftqHkcwlGY=" Size="441"/></File></BlockMap>