<?xml version="1.0" encoding="UTF-8" standalone="no"?>
<Package xmlns="http://schemas.microsoft.com/appx/manifest/foundation/windows10" xmlns:uap="http://schemas.microsoft.com/appx/manifest/uap/windows10" IgnorableNamespaces="uap"><Identity Name="5319275A.WhatsAppDesktop" Publisher="CN=24803D75-212C-471A-BC57-9EF86AB91435" Version="2.2515.7.0" ResourceId="split.scale-120"/><Properties><ResourcePackage>true</ResourcePackage><DisplayName>WhatsApp</DisplayName><PublisherDisplayName>WhatsApp Inc.</PublisherDisplayName><Logo>Images\System\StoreLogo.png</Logo></Properties><Resources><Resource uap:Scale="120"/></Resources><Dependencies><TargetDeviceFamily Name="Windows.Universal" MinVersion="10.0.18362.0" MaxVersionTested="10.0.22621.0"/></Dependencies></Package>